Workbook

Sheet Assumptions
A1: DSTW Split Brain - Chapter 4.4 Calculation Workbook
A3: Editable input | B3: Value | C3: Unit | D3: Purpose
A4: Core-router FIT | B4: 10000 | C4: FIT | D4: Failure rate for each core router
A5: Single-router FIT | B5: 3500 | C5: FIT | D5: Failure rate for the single router
A6: CCF beta factor | B6: 0.02 | C6: - | D6: Fraction of each core-router rate assigned to CCF
A7: Hours per year | B7: 8760 | C7: h/year | D7: Conversion constant
A8: Minutes per year | B8: =B7*60 -> 525600 | C8: min/year | D8: Conversion constant
A9: Seconds per minute | B9: 60 | C9: sec/min | D9: Conversion constant
A12: Model assumptions
A13: 1oo2 core routers are hot redundant; one independent failure is tolerated.
A14: All MTTR values are assumed equal and the combined unavailable-state duration is approximated by MTTR.
A15: The single router is assumed independent of the core-router pair.
A16: The low-unavailability approximation is intended for RAM sensitivity analysis, not final safety justification.

Sheet 4.4 Calculation
A1: Chapter 4.4 - Combined failure calculation
A3: MTTR (h) | B3: Core CCF rate (FIT) | C3: Core independent rate (FIT) | D3: U core CCF | E3: U core independent | F3: U core total | G3: U single router | H3: U triple total | I3: Triple rate (h^-1) | J3: Triple rate (FIT) | K3: Downtime (min/y) | L3: Downtime (sec/y)
A4: 1 | B4: =Assumptions!$B$4*Assumptions!$B$6 -> 200 | C4: =Assumptions!$B$4*(1-Assumptions!$B$6) -> 9800 | D4: =B4/1000000000*A4 -> 2e-07 | E4: =2*(C4/1000000000*A4)^2 -> 1.9208e-10 | F4: =D4+E4 -> 2.0019208e-07 | G4: =Assumptions!$B$5/1000000000*A4 -> 3.5e-06 | H4: =F4*G4 -> 7.0067228e-13 | I4: =H4/A4 -> 7.0067228e-13 | J4: =I4*1000000000 -> 0.00070067228 | K4: =H4*Assumptions!$B$8 -> 3.6827335e-07 | L4: =K4*Assumptions!$B$9 -> 2.2096401e-05
A5: 4 | B5: =Assumptions!$B$4*Assumptions!$B$6 -> 200 | C5: =Assumptions!$B$4*(1-Assumptions!$B$6) -> 9800 | D5: =B5/1000000000*A5 -> 8e-07 | E5: =2*(C5/1000000000*A5)^2 -> 3.07328e-09 | F5: =D5+E5 -> 8.0307328e-07 | G5: =Assumptions!$B$5/1000000000*A5 -> 1.4e-05 | H5: =F5*G5 -> 1.1243026e-11 | I5: =H5/A5 -> 2.8107565e-12 | J5: =I5*1000000000 -> 0.0028107565 | K5: =H5*Assumptions!$B$8 -> 5.9093344e-06 | L5: =K5*Assumptions!$B$9 -> 0.00035456007
A6: 8 | B6: =Assumptions!$B$4*Assumptions!$B$6 -> 200 | C6: =Assumptions!$B$4*(1-Assumptions!$B$6) -> 9800 | D6: =B6/1000000000*A6 -> 1.6e-06 | E6: =2*(C6/1000000000*A6)^2 -> 1.229312e-08 | F6: =D6+E6 -> 1.6122931e-06 | G6: =Assumptions!$B$5/1000000000*A6 -> 2.8e-05 | H6: =F6*G6 -> 4.5144207e-11 | I6: =H6/A6 -> 5.6430259e-12 | J6: =I6*1000000000 -> 0.0056430259 | K6: =H6*Assumptions!$B$8 -> 2.3727795e-05 | L6: =K6*Assumptions!$B$9 -> 0.0014236677
A7: 12 | B7: =Assumptions!$B$4*Assumptions!$B$6 -> 200 | C7: =Assumptions!$B$4*(1-Assumptions!$B$6) -> 9800 | D7: =B7/1000000000*A7 -> 2.4e-06 | E7: =2*(C7/1000000000*A7)^2 -> 2.765952e-08 | F7: =D7+E7 -> 2.4276595e-06 | G7: =Assumptions!$B$5/1000000000*A7 -> 4.2e-05 | H7: =F7*G7 -> 1.019617e-10 | I7: =H7/A7 -> 8.4968083e-12 | J7: =I7*1000000000 -> 0.0084968083 | K7: =H7*Assumptions!$B$8 -> 5.3591069e-05 | L7: =K7*Assumptions!$B$9 -> 0.0032154642
A8: 24 | B8: =Assumptions!$B$4*Assumptions!$B$6 -> 200 | C8: =Assumptions!$B$4*(1-Assumptions!$B$6) -> 9800 | D8: =B8/1000000000*A8 -> 4.8e-06 | E8: =2*(C8/1000000000*A8)^2 -> 1.1063808e-07 | F8: =D8+E8 -> 4.9106381e-06 | G8: =Assumptions!$B$5/1000000000*A8 -> 8.4e-05 | H8: =F8*G8 -> 4.124936e-10 | I8: =H8/A8 -> 1.7187233e-11 | J8: =I8*1000000000 -> 0.017187233 | K8: =H8*Assumptions!$B$8 -> 0.00021680664 | L8: =K8*Assumptions!$B$9 -> 0.013008398
A10: Formula interpretation
A11: U core total = core CCF unavailability + independent 1oo2 double-failure unavailability.
A12: U triple total = U core total x U single router.
A13: The single-router term is required because total network failure needs both the core-router pair and the single router unavailable.

Sheet 4.4 Summary
A1: Chapter 4.4 Summary - Requested RAM fields
A2: 1oo2 core-router pair including CCF, beta = 0.02
A3: FiT | B3: MTBF (h) | C3: MTBF (y) | D3: MTTR (h) | E3: Availability | F3: Unavailability | G3: Downtime (min/year) | H3: Downtime (sec/year)
A4: =Assumptions!$B$4*Assumptions!$B$6+2*(Assumptions!$B$4*(1-Assumptions!$B$6)/1000000000)^2*D4*1000000000 -> 200.19208 | B4: =1000000000/A4 -> 4995202.6 | C4: =B4/Assumptions!$B$7 -> 570.22861 | D4: ='4.4 Calculation'!A4 -> 1 | E4: =1-F4 -> 0.9999998 | F4: =A4/1000000000*D4 -> 2.0019208e-07 | G4: =F4*Assumptions!$B$8 -> 0.10522096 | H4: =G4*Assumptions!$B$9 -> 6.3132574
A5: =Assumptions!$B$4*Assumptions!$B$6+2*(Assumptions!$B$4*(1-Assumptions!$B$6)/1000000000)^2*D5*1000000000 -> 200.76832 | B5: =1000000000/A5 -> 4980865.5 | C5: =B5/Assumptions!$B$7 -> 568.59195 | D5: ='4.4 Calculation'!A5 -> 4 | E5: =1-F5 -> 0.9999992 | F5: =A5/1000000000*D5 -> 8.0307328e-07 | G5: =F5*Assumptions!$B$8 -> 0.42209532 | H5: =G5*Assumptions!$B$9 -> 25.325719
A6: =Assumptions!$B$4*Assumptions!$B$6+2*(Assumptions!$B$4*(1-Assumptions!$B$6)/1000000000)^2*D6*1000000000 -> 201.53664 | B6: =1000000000/A6 -> 4961876.9 | C6: =B6/Assumptions!$B$7 -> 566.4243 | D6: ='4.4 Calculation'!A6 -> 8 | E6: =1-F6 -> 0.99999839 | F6: =A6/1000000000*D6 -> 1.6122931e-06 | G6: =F6*Assumptions!$B$8 -> 0.84742126 | H6: =G6*Assumptions!$B$9 -> 50.845276
A7: =Assumptions!$B$4*Assumptions!$B$6+2*(Assumptions!$B$4*(1-Assumptions!$B$6)/1000000000)^2*D7*1000000000 -> 202.30496 | B7: =1000000000/A7 -> 4943032.5 | C7: =B7/Assumptions!$B$7 -> 564.27312 | D7: ='4.4 Calculation'!A7 -> 12 | E7: =1-F7 -> 0.99999757 | F7: =A7/1000000000*D7 -> 2.4276595e-06 | G7: =F7*Assumptions!$B$8 -> 1.2759778 | H7: =G7*Assumptions!$B$9 -> 76.558671
A8: =Assumptions!$B$4*Assumptions!$B$6+2*(Assumptions!$B$4*(1-Assumptions!$B$6)/1000000000)^2*D8*1000000000 -> 204.60992 | B8: =1000000000/A8 -> 4887348.6 | C8: =B8/Assumptions!$B$7 -> 557.9165 | D8: ='4.4 Calculation'!A8 -> 24 | E8: =1-F8 -> 0.99999509 | F8: =A8/1000000000*D8 -> 4.9106381e-06 | G8: =F8*Assumptions!$B$8 -> 2.5810314 | H8: =G8*Assumptions!$B$9 -> 154.86188
A11: 1oo2 core-router pair without CCF
A12: FiT | B12: MTBF (h) | C12: MTBF (y) | D12: MTTR (h) | E12: Availability | F12: Unavailability | G12: Downtime (min/year) | H12: Downtime (sec/year)
A13: =2*(Assumptions!$B$4/1000000000)^2*D13*1000000000 -> 0.2 | B13: =1000000000/A13 -> 5e+09 | C13: =B13/Assumptions!$B$7 -> 570776.26 | D13: ='4.4 Calculation'!A4 -> 1 | E13: =1-F13 -> 1 | F13: =A13/1000000000*D13 -> 2e-10 | G13: =F13*Assumptions!$B$8 -> 0.00010512 | H13: =G13*Assumptions!$B$9 -> 0.0063072
A14: =2*(Assumptions!$B$4/1000000000)^2*D14*1000000000 -> 0.8 | B14: =1000000000/A14 -> 1.25e+09 | C14: =B14/Assumptions!$B$7 -> 142694.06 | D14: ='4.4 Calculation'!A5 -> 4 | E14: =1-F14 -> 1 | F14: =A14/1000000000*D14 -> 3.2e-09 | G14: =F14*Assumptions!$B$8 -> 0.00168192 | H14: =G14*Assumptions!$B$9 -> 0.1009152
A15: =2*(Assumptions!$B$4/1000000000)^2*D15*1000000000 -> 1.6 | B15: =1000000000/A15 -> 6.25e+08 | C15: =B15/Assumptions!$B$7 -> 71347.032 | D15: ='4.4 Calculation'!A6 -> 8 | E15: =1-F15 -> 0.99999999 | F15: =A15/1000000000*D15 -> 1.28e-08 | G15: =F15*Assumptions!$B$8 -> 0.00672768 | H15: =G15*Assumptions!$B$9 -> 0.4036608
A16: =2*(Assumptions!$B$4/1000000000)^2*D16*1000000000 -> 2.4 | B16: =1000000000/A16 -> 4.1666667e+08 | C16: =B16/Assumptions!$B$7 -> 47564.688 | D16: ='4.4 Calculation'!A7 -> 12 | E16: =1-F16 -> 0.99999997 | F16: =A16/1000000000*D16 -> 2.88e-08 | G16: =F16*Assumptions!$B$8 -> 0.01513728 | H16: =G16*Assumptions!$B$9 -> 0.9082368
A17: =2*(Assumptions!$B$4/1000000000)^2*D17*1000000000 -> 4.8 | B17: =1000000000/A17 -> 2.0833333e+08 | C17: =B17/Assumptions!$B$7 -> 23782.344 | D17: ='4.4 Calculation'!A8 -> 24 | E17: =1-F17 -> 0.99999988 | F17: =A17/1000000000*D17 -> 1.152e-07 | G17: =F17*Assumptions!$B$8 -> 0.06054912 | H17: =G17*Assumptions!$B$9 -> 3.6329472

Sheet 8h Trace
A1: 8-hour worked example
A3: Layer | B3: Calculation | C3: Excel formula / value | D3: Result
A4: Inputs | B4: MTTR | C4: ='4.4 Calculation'!A6 -> 8 | D4: 8 h
A5: Layer 1 | B5: Core CCF rate | C5: =Assumptions!B4*Assumptions!B6 -> 200 | D5: 200 FIT
A6: Layer 1 | B6: Core independent rate | C6: =Assumptions!B4*(1-Assumptions!B6) -> 9800 | D6: 9800 FIT
A7: Layer 1 | B7: U core CCF | C7: =C5/1000000000*C4 -> 1.6e-06 | D7: 1.60E-6
A8: Layer 1 | B8: U core independent | C8: =2*(C6/1000000000*C4)^2 -> 1.229312e-08 | D8: 1.229312E-8
A9: Layer 1 | B9: U core total | C9: =C7+C8 -> 1.6122931e-06 | D9: 1.61229312E-6
A10: Layer 2 | B10: Single-router rate | C10: =Assumptions!B5/1000000000 -> 3.5e-06 | D10: 3.5E-6 /h
A11: Layer 2 | B11: U single router | C11: =C10*C4 -> 2.8e-05 | D11: 2.8E-5
A12: Layer 3 | B12: U triple total | C12: =C9*C11 -> 4.5144207e-11 | D12: 4.514420736E-11
A13: Layer 3 | B13: Combined failure rate | C13: =C12/C4 -> 5.6430259e-12 | D13: 5.643E-12 /h
A14: Layer 3 | B14: Combined rate in FIT | C14: =C13*1000000000 -> 0.0056430259 | D14: 0.005643 FIT
A15: Layer 3 | B15: Downtime sec/year | C15: =C12*Assumptions!B8*Assumptions!B9 -> 0.0014236677 | D15: 0.001424 sec/y

Sheet All MTTR Trace
A1: Three-layer calculation for all MTTR values
A3: MTTR (h) | B3: Layer 1: U core CCF | C3: Layer 1: U core independent | D3: Layer 1: U core total | E3: Layer 2: U single router | F3: Layer 3: U triple total | G3: Combined rate (FIT) | H3: Downtime (min/y) | I3: Downtime (sec/y)
A4: ='4.4 Calculation'!A4 -> 1 | B4: ='4.4 Calculation'!D4 -> 2e-07 | C4: ='4.4 Calculation'!E4 -> 1.9208e-10 | D4: ='4.4 Calculation'!F4 -> 2.0019208e-07 | E4: ='4.4 Calculation'!G4 -> 3.5e-06 | F4: ='4.4 Calculation'!H4 -> 7.0067228e-13 | G4: ='4.4 Calculation'!J4 -> 0.00070067228 | H4: ='4.4 Calculation'!K4 -> 3.6827335e-07 | I4: ='4.4 Calculation'!L4 -> 2.2096401e-05
A5: ='4.4 Calculation'!A5 -> 4 | B5: ='4.4 Calculation'!D5 -> 8e-07 | C5: ='4.4 Calculation'!E5 -> 3.07328e-09 | D5: ='4.4 Calculation'!F5 -> 8.0307328e-07 | E5: ='4.4 Calculation'!G5 -> 1.4e-05 | F5: ='4.4 Calculation'!H5 -> 1.1243026e-11 | G5: ='4.4 Calculation'!J5 -> 0.0028107565 | H5: ='4.4 Calculation'!K5 -> 5.9093344e-06 | I5: ='4.4 Calculation'!L5 -> 0.00035456007
A6: ='4.4 Calculation'!A6 -> 8 | B6: ='4.4 Calculation'!D6 -> 1.6e-06 | C6: ='4.4 Calculation'!E6 -> 1.229312e-08 | D6: ='4.4 Calculation'!F6 -> 1.6122931e-06 | E6: ='4.4 Calculation'!G6 -> 2.8e-05 | F6: ='4.4 Calculation'!H6 -> 4.5144207e-11 | G6: ='4.4 Calculation'!J6 -> 0.0056430259 | H6: ='4.4 Calculation'!K6 -> 2.3727795e-05 | I6: ='4.4 Calculation'!L6 -> 0.0014236677
A7: ='4.4 Calculation'!A7 -> 12 | B7: ='4.4 Calculation'!D7 -> 2.4e-06 | C7: ='4.4 Calculation'!E7 -> 2.765952e-08 | D7: ='4.4 Calculation'!F7 -> 2.4276595e-06 | E7: ='4.4 Calculation'!G7 -> 4.2e-05 | F7: ='4.4 Calculation'!H7 -> 1.019617e-10 | G7: ='4.4 Calculation'!J7 -> 0.0084968083 | H7: ='4.4 Calculation'!K7 -> 5.3591069e-05 | I7: ='4.4 Calculation'!L7 -> 0.0032154642
A8: ='4.4 Calculation'!A8 -> 24 | B8: ='4.4 Calculation'!D8 -> 4.8e-06 | C8: ='4.4 Calculation'!E8 -> 1.1063808e-07 | D8: ='4.4 Calculation'!F8 -> 4.9106381e-06 | E8: ='4.4 Calculation'!G8 -> 8.4e-05 | F8: ='4.4 Calculation'!H8 -> 4.124936e-10 | G8: ='4.4 Calculation'!J8 -> 0.017187233 | H8: ='4.4 Calculation'!K8 -> 0.00021680664 | I8: ='4.4 Calculation'!L8 -> 0.013008398
A10: Each row follows the same sequence: core-router pair unavailability, single-router unavailability, then simultaneous overlap.

Sheet Formula Guide
A1: Formula guide
A3: Quantity | B3: Formula | C3: Meaning
A4: Core CCF rate | B4: beta x lambda_CR | C4: CCF directly removes both core routers
A5: Core independent rate | B5: (1 - beta) x lambda_CR | C5: Independent portion of each core-router rate
A6: U core CCF | B6: lambda_CCF x MTTR | C6: Unavailability from common-cause core loss
A7: U core independent | B7: 2 x (lambda_CR,ind x MTTR)^2 | C7: Independent 1oo2 double failure; factor 2 for either first failure
A8: U core total | B8: U core CCF + U core independent | C8: Total core-router-pair unavailability
A9: U single router | B9: lambda_S x MTTR | C9: Unavailability of the single router
A10: U triple total | B10: U core total x U single router | C10: All required failure conditions overlap
A11: Combined failure rate | B11: U triple total / MTTR | C11: Equivalent rate using MTTR as combined exposure duration
A12: Downtime sec/year | B12: U triple total x 8760 x 3600 | C12: Annual accumulated downtime in seconds
